https://store.storeimages.cdn-apple.com/8567/as-images.apple.com/is/iphone-11-pro-midnight-green-select-2019?wid=470&amp;hei=556&amp;fmt=png-alpha&amp;.v=1566954990073,iPhone 11 Pro 64 GB Midnight Green,106800,https://www.apple.com/jp/shop/buy-iphone/iphone-11-pro
https://store.storeimages.cdn-apple.com/8567/as-images.apple.com/is/iphone-11-pro-space-select-2019?wid=470&amp;hei=556&amp;fmt=png-alpha&amp;.v=1566954989577,iPhone 11 Pro 64 GB Space Gray,106800,https://www.apple.com/jp/shop/buy-iphone/iphone-11-pro
https://store.storeimages.cdn-apple.com/8567/as-images.apple.com/is/iphone-11-pro-silver-select-2019?wid=470&amp;hei=556&amp;fmt=png-alpha&amp;.v=1566954989256,iPhone 11 Pro 64 GB Silver,106800,https://www.apple.com/jp/shop/buy-iphone/iphone-11-pro
https://store.storeimages.cdn-apple.com/8567/as-images.apple.com/is/iphone-11-pro-gold-select-2019?wid=470&amp;hei=556&amp;fmt=png-alpha&amp;.v=1566954990120,iPhone 11 Pro 64 GB Gold,106800,https://www.apple.com/jp/shop/buy-iphone/iphone-11-pro
https://store.storeimages.cdn-apple.com/8567/as-images.apple.com/is/iphone-11-pro-midnight-green-select-2019?wid=470&amp;hei=556&amp;fmt=png-alpha&amp;.v=1566954990073,iPhone 11 Pro 256 GB Midnight Green,122800,https://www.apple.com/jp/shop/buy-iphone/iphone-11-pro
https://store.storeimages.cdn-apple.com/8567/as-images.apple.com/is/iphone-11-pro-space-select-2019?wid=470&amp;hei=556&amp;fmt=png-alpha&amp;.v=1566954989577,iPhone 11 Pro 256 GB Space Gray,122800,https://www.apple.com/jp/shop/buy-iphone/iphone-11-pro
https://store.storeimages.cdn-apple.com/8567/as-images.apple.com/is/iphone-11-pro-silver-select-2019?wid=470&amp;hei=556&amp;fmt=png-alpha&amp;.v=1566954989256,iPhone 11 Pro 256 GB Silver,122800,https://www.apple.com/jp/shop/buy-iphone/iphone-11-pro
https://store.storeimages.cdn-apple.com/8567/as-images.apple.com/is/iphone-11-pro-gold-select-2019?wid=470&amp;hei=556&amp;fmt=png-alpha&amp;.v=1566954990120,iPhone 11 Pro 256 GB Gold,122800,https://www.apple.com/jp/shop/buy-iphone/iphone-11-pro
https://store.storeimages.cdn-apple.com/8567/as-images.apple.com/is/iphone-11-pro-midnight-green-select-2019?wid=470&amp;hei=556&amp;fmt=png-alpha&amp;.v=1566954990073,iPhone 11 Pro 512 GB Midnight Green,144800,https://www.apple.com/jp/shop/buy-iphone/iphone-11-pro
https://store.storeimages.cdn-apple.com/8567/as-images.apple.com/is/iphone-11-pro-space-select-2019?wid=470&amp;hei=556&amp;fmt=png-alpha&amp;.v=1566954989577,iPhone 11 Pro 512 GB Space Gray,144800,https://www.apple.com/jp/shop/buy-iphone/iphone-11-pro
https://store.storeimages.cdn-apple.com/8567/as-images.apple.com/is/iphone-11-pro-silver-select-2019?wid=470&amp;hei=556&amp;fmt=png-alpha&amp;.v=1566954989512,iPhone 11 Pro 512 GB Silver,144800,https://www.apple.com/jp/shop/buy-iphone/iphone-11-pro
https://store.storeimages.cdn-apple.com/8567/as-images.apple.com/is/iphone-11-pro-gold-select-2019?wid=470&amp;hei=556&amp;fmt=png-alpha&amp;.v=1566954990120,iPhone 11 Pro 512 GB Gold,144800,https://www.apple.com/jp/shop/buy-iphone/iphone-11-pro
https://store.storeimages.cdn-apple.com/8567/as-images.apple.com/is/iphone-11-pro-max-midnight-green-select-2019?wid=470&hei=556&fmt=png-alpha&.v=1566953859350,iPhone 11 Pro Max 64 GB Midnight Green,119800,https://www.apple.com/jp/shop/buy-iphone/iphone-11-pro
https://store.storeimages.cdn-apple.com/8567/as-images.apple.com/is/iphone-11-pro-max-space-select-2019?wid=470&hei=556&fmt=png-alpha&.v=1566953858806,iPhone 11 Pro Max 64 GB Space Gray,119800,https://www.apple.com/jp/shop/buy-iphone/iphone-11-pro
https://store.storeimages.cdn-apple.com/8567/as-images.apple.com/is/iphone-11-pro-max-silver-select-2019?wid=470&hei=556&fmt=png-alpha&.v=1566953858420,iPhone 11 Pro Max 64 GB Silver,119800,https://www.apple.com/jp/shop/buy-iphone/iphone-11-pro
https://store.storeimages.cdn-apple.com/8567/as-images.apple.com/is/iphone-11-pro-max-gold-select-2019?wid=470&hei=556&fmt=png-alpha&.v=1566953859132,iPhone 11 Pro Max 64 GB Gold,119800,https://www.apple.com/jp/shop/buy-iphone/iphone-11-pro
https://store.storeimages.cdn-apple.com/8567/as-images.apple.com/is/iphone-11-pro-max-midnight-green-select-2019?wid=470&hei=556&fmt=png-alpha&.v=1566953859350,iPhone 11 Pro Max 256 GB Midnight Green,135800,https://www.apple.com/jp/shop/buy-iphone/iphone-11-pro
https://store.storeimages.cdn-apple.com/8567/as-images.apple.com/is/iphone-11-pro-max-space-select-2019?wid=470&hei=556&fmt=png-alpha&.v=1566953858806,iPhone 11 Pro Max 256 GB Space Gray,135800,https://www.apple.com/jp/shop/buy-iphone/iphone-11-pro
https://store.storeimages.cdn-apple.com/8567/as-images.apple.com/is/iphone-11-pro-max-silver-select-2019?wid=470&hei=556&fmt=png-alpha&.v=1566953858420,iPhone 11 Pro Max 256 GB Silver,135800,https://www.apple.com/jp/shop/buy-iphone/iphone-11-pro
https://store.storeimages.cdn-apple.com/8567/as-images.apple.com/is/iphone-11-pro-max-gold-select-2019?wid=470&hei=556&fmt=png-alpha&.v=1566953859132,iPhone 11 Pro Max 256 GB Gold,135800,https://www.apple.com/jp/shop/buy-iphone/iphone-11-pro
https://store.storeimages.cdn-apple.com/8567/as-images.apple.com/is/iphone-11-pro-max-midnight-green-select-2019?wid=470&hei=556&fmt=png-alpha&.v=1566953859350,iPhone 11 Pro Max 512 GB Midnight Green,157800,https://www.apple.com/jp/shop/buy-iphone/iphone-11-pro
https://store.storeimages.cdn-apple.com/8567/as-images.apple.com/is/iphone-11-pro-max-space-select-2019?wid=470&hei=556&fmt=png-alpha&.v=1566953858806,iPhone 11 Pro Max 512 GB Space Gray,157800,https://www.apple.com/jp/shop/buy-iphone/iphone-11-pro
https://store.storeimages.cdn-apple.com/8567/as-images.apple.com/is/iphone-11-pro-max-silver-select-2019?wid=470&hei=556&fmt=png-alpha&.v=1566953858420,iPhone 11 Pro Max 512 GB Silver,157800,https://www.apple.com/jp/shop/buy-iphone/iphone-11-pro
https://store.storeimages.cdn-apple.com/8567/as-images.apple.com/is/iphone-11-pro-max-gold-select-2019?wid=470&hei=556&fmt=png-alpha&.v=1566953859132,iPhone 11 Pro Max 512 GB Gold,157800,https://www.apple.com/jp/shop/buy-iphone/iphone-11-pro
https://store.storeimages.cdn-apple.com/8567/as-images.apple.com/is/iphone11-white-select-2019?wid=470&hei=556&fmt=png-alpha&.v=1566956148115,iPhone 11 64 GB White,74800,https://www.apple.com/jp/shop/buy-iphone/iphone-11
https://store.storeimages.cdn-apple.com/8567/as-images.apple.com/is/iphone11-black-select-2019?wid=470&hei=556&fmt=png-alpha&.v=1566956144418,iPhone 11 64 GB Black,74800,https://www.apple.com/jp/shop/buy-iphone/iphone-11
https://store.storeimages.cdn-apple.com/8567/as-images.apple.com/is/iphone11-green-select-2019?wid=470&hei=556&fmt=png-alpha&.v=1566956144838,iPhone 11 64 GB Green,74800,https://www.apple.com/jp/shop/buy-iphone/iphone-11
https://store.storeimages.cdn-apple.com/8567/as-images.apple.com/is/iphone11-yellow-select-2019?wid=470&hei=556&fmt=png-alpha&.v=1568141245782,iPhone 11 64 GB Yellow,74800,https://www.apple.com/jp/shop/buy-iphone/iphone-11
https://store.storeimages.cdn-apple.com/8567/as-images.apple.com/is/iphone11-purple-select-2019?wid=470&hei=556&fmt=png-alpha&.v=1566960958082,iPhone 11 64 GB Purple,74800,https://www.apple.com/jp/shop/buy-iphone/iphone-11
https://store.storeimages.cdn-apple.com/8567/as-images.apple.com/is/iphone11-red-select-2019?wid=470&hei=556&fmt=png-alpha&.v=1566956144763,iPhone 11 64 GB PRODUCT(Red),74800,https://www.apple.com/jp/shop/buy-iphone/iphone-11
https://store.storeimages.cdn-apple.com/8567/as-images.apple.com/is/iphone11-white-select-2019?wid=470&hei=556&fmt=png-alpha&.v=1566956148115,iPhone 11 128 GB White,79800,https://www.apple.com/jp/shop/buy-iphone/iphone-11
https://store.storeimages.cdn-apple.com/8567/as-images.apple.com/is/iphone11-black-select-2019?wid=470&hei=556&fmt=png-alpha&.v=1566956144418,iPhone 11 128 GB Black,79800,https://www.apple.com/jp/shop/buy-iphone/iphone-11
https://store.storeimages.cdn-apple.com/8567/as-images.apple.com/is/iphone11-green-select-2019?wid=470&hei=556&fmt=png-alpha&.v=1566956144838,iPhone 11 128 GB Green,79800,https://www.apple.com/jp/shop/buy-iphone/iphone-11
https://store.storeimages.cdn-apple.com/8567/as-images.apple.com/is/iphone11-yellow-select-2019?wid=470&hei=556&fmt=png-alpha&.v=1568141245782,iPhone 11 128 GB Yellow,79800,https://www.apple.com/jp/shop/buy-iphone/iphone-11
https://store.storeimages.cdn-apple.com/8567/as-images.apple.com/is/iphone11-purple-select-2019?wid=470&hei=556&fmt=png-alpha&.v=1566960958082,iPhone 11 128 GB Purple,79800,https://www.apple.com/jp/shop/buy-iphone/iphone-11
https://store.storeimages.cdn-apple.com/8567/as-images.apple.com/is/iphone11-red-select-2019?wid=470&hei=556&fmt=png-alpha&.v=1566956144763,iPhone 11 128 GB PRODUCT(Red),79800,https://www.apple.com/jp/shop/buy-iphone/iphone-11
https://store.storeimages.cdn-apple.com/8567/as-images.apple.com/is/iphone11-white-select-2019?wid=470&hei=556&fmt=png-alpha&.v=1566956148115,iPhone 11 256 GB White,90800,https://www.apple.com/jp/shop/buy-iphone/iphone-11
https://store.storeimages.cdn-apple.com/8567/as-images.apple.com/is/iphone11-black-select-2019?wid=470&hei=556&fmt=png-alpha&.v=1566956144418,iPhone 11 256 GB Black,90800,https://www.apple.com/jp/shop/buy-iphone/iphone-11
https://store.storeimages.cdn-apple.com/8567/as-images.apple.com/is/iphone11-green-select-2019?wid=470&hei=556&fmt=png-alpha&.v=1566956144838,iPhone 11 256 GB Green,90800,https://www.apple.com/jp/shop/buy-iphone/iphone-11
https://store.storeimages.cdn-apple.com/8567/as-images.apple.com/is/iphone11-yellow-select-2019?wid=470&hei=556&fmt=png-alpha&.v=1568141245782,iPhone 11 256 GB Yellow,90800,https://www.apple.com/jp/shop/buy-iphone/iphone-11
https://store.storeimages.cdn-apple.com/8567/as-images.apple.com/is/iphone11-purple-select-2019?wid=470&hei=556&fmt=png-alpha&.v=1566960958082,iPhone 11 256 GB Purple,90800,https://www.apple.com/jp/shop/buy-iphone/iphone-11
https://store.storeimages.cdn-apple.com/8567/as-images.apple.com/is/iphone11-red-select-2019?wid=470&hei=556&fmt=png-alpha&.v=1566956144763,iPhone 11 256 GB PRODUCT(Red),90800,https://www.apple.com/jp/shop/buy-iphone/iphone-11
https://store.storeimages.cdn-apple.com/8567/as-images.apple.com/is/iphone-se-white-select-2020?wid=470&hei=556&fmt=png-alpha&.v=1586574259457,iPhone SE (2nd Generation) 64 GB White,44800,https://www.apple.com/jp/shop/buy-iphone/iphone-se
https://store.storeimages.cdn-apple.com/8567/as-images.apple.com/is/iphone-se-black-select-2020?wid=470&hei=556&fmt=png-alpha&.v=1586574260051,iPhone SE (2nd Generation) 64 GB Black,44800,https://www.apple.com/jp/shop/buy-iphone/iphone-se
https://store.storeimages.cdn-apple.com/8567/as-images.apple.com/is/iphone-se-red-select-2020?wid=470&hei=556&fmt=png-alpha&.v=1586574260319,iPhone SE (2nd Generation) 64 GB PRODUCT(Red),44800,https://www.apple.com/jp/shop/buy-iphone/iphone-se
https://store.storeimages.cdn-apple.com/8567/as-images.apple.com/is/iphone-se-white-select-2020?wid=470&hei=556&fmt=png-alpha&.v=1586574259457,iPhone SE (2nd Generation) 128 GB White,49800,https://www.apple.com/jp/shop/buy-iphone/iphone-se
https://store.storeimages.cdn-apple.com/8567/as-images.apple.com/is/iphone-se-black-select-2020?wid=470&hei=556&fmt=png-alpha&.v=1586574260051,iPhone SE (2nd Generation) 128 GB Black,49800,https://www.apple.com/jp/shop/buy-iphone/iphone-se
https://store.storeimages.cdn-apple.com/8567/as-images.apple.com/is/iphone-se-red-select-2020?wid=470&hei=556&fmt=png-alpha&.v=1586574260319,iPhone SE (2nd Generation) 128 GB PRODUCT(Red),49800,https://www.apple.com/jp/shop/buy-iphone/iphone-se
https://store.storeimages.cdn-apple.com/8567/as-images.apple.com/is/iphone-se-white-select-2020?wid=470&hei=556&fmt=png-alpha&.v=1586574259457,iPhone SE (2nd Generation) 256 GB White,60800,https://www.apple.com/jp/shop/buy-iphone/iphone-se
https://store.storeimages.cdn-apple.com/8567/as-images.apple.com/is/iphone-se-black-select-2020?wid=470&hei=556&fmt=png-alpha&.v=1586574260051,iPhone SE (2nd Generation) 256 GB Black,60800,https://www.apple.com/jp/shop/buy-iphone/iphone-se
https://store.storeimages.cdn-apple.com/8567/as-images.apple.com/is/iphone-se-red-select-2020?wid=470&hei=556&fmt=png-alpha&.v=1586574260319,iPhone SE (2nd Generation) 256 GB PRODUCT(Red),60800,https://www.apple.com/jp/shop/buy-iphone/iphone-se
"https://store.storeimages.cdn-apple.com/8567/as-images.apple.com/is/iphone-xr-select-2019-family?wid=882&amp;hei=1058&amp;fmt=jpeg&amp;qlt=80&amp;op_usm=0.5,0.5&amp;.v=1550795424612",iPhone XR 64 GB,64800,https://www.apple.com/jp/shop/buy-iphone/iphone-xr
"https://store.storeimages.cdn-apple.com/8567/as-images.apple.com/is/iphone-xr-select-2019-family?wid=882&amp;hei=1058&amp;fmt=jpeg&amp;qlt=80&amp;op_usm=0.5,0.5&amp;.v=1550795424612",iPhone XR 128 GB,69800,https://www.apple.com/jp/shop/buy-iphone/iphone-xr
