https://image.biccamera.com/img/00000008008030_A01.jpg?sr.dw=320&sr.jqh=60&sr.dh=320&sr.mat=1,アップル　Apple【SIMフリー】iPhone SE A13 Bionic 4.7型 ストレージ：128GB デュアルSIM（na...,54780,https://www.biccamera.com/bc/item/8008030/
https://image.biccamera.com/img/00000008008027_A01.jpg?sr.dw=320&sr.jqh=60&sr.dh=320&sr.mat=1,アップル　Apple【SIMフリー】iPhone SE A13 Bionic 4.7型 ストレージ：64GB デュアルSIM（nan...,49280,https://www.biccamera.com/bc/item/8008027/
https://image.biccamera.com/img/00000008008031_A01.jpg?sr.dw=320&sr.jqh=60&sr.dh=320&sr.mat=1,アップル　Apple【SIMフリー】iPhone SE A13 Bionic 4.7型 ストレージ：128GB デュアルSIM（na...,54780,https://www.biccamera.com/bc/item/8008031/
https://image.biccamera.com/img/00000008008029_A01.jpg?sr.dw=320&sr.jqh=60&sr.dh=320&sr.mat=1,アップル　Apple【SIMフリー】iPhone SE A13 Bionic 4.7型 ストレージ：128GB デュアルSIM（na...,54780,https://www.biccamera.com/bc/item/8008029/
https://image.biccamera.com/img/00000007434752_A01.jpg?sr.dw=320&sr.jqh=60&sr.dh=320&sr.mat=1,アップル　Apple【SIMフリー】Apple iPhone 11 A13 Bionic 6.1型 ストレージ： 128GB デュアル...,87780,https://www.biccamera.com/bc/item/7434752/
https://image.biccamera.com/img/00000008008026_A01.jpg?sr.dw=320&sr.jqh=60&sr.dh=320&sr.mat=1,アップル　Apple【SIMフリー】iPhone SE A13 Bionic 4.7型 ストレージ：64GB デュアルSIM（nan...,49280,https://www.biccamera.com/bc/item/8008026/
https://image.biccamera.com/img/00000008008028_A01.jpg?sr.dw=320&sr.jqh=60&sr.dh=320&sr.mat=1,アップル　Apple【SIMフリー】iPhone SE A13 Bionic 4.7型 ストレージ：64GB デュアルSIM（nan...,49280,https://www.biccamera.com/bc/item/8008028/
https://image.biccamera.com/img/00000007434771_A01.jpg?sr.dw=320&sr.jqh=60&sr.dh=320&sr.mat=1,アップル　Apple【SIMフリー】Apple iPhone 11 Pro A13 Bionic 5.8型 ストレージ： 256GB デュ...,135080,https://www.biccamera.com/bc/item/7434771/
https://image.biccamera.com/img/00000007434756_A01.jpg?sr.dw=320&sr.jqh=60&sr.dh=320&sr.mat=1,アップル　Apple【SIMフリー】Apple iPhone 11 A13 Bionic 6.1型 ストレージ： 128GB デュアル...,87780,https://www.biccamera.com/bc/item/7434756/
https://image.biccamera.com/img/00000007434753_A01.jpg?sr.dw=320&sr.jqh=60&sr.dh=320&sr.mat=1,アップル　Apple【SIMフリー】Apple iPhone 11 A13 Bionic 6.1型 ストレージ： 128GB デュアル...,87780,https://www.biccamera.com/bc/item/7434753/
https://image.biccamera.com/img/00000007434758_A01.jpg?sr.dw=320&sr.jqh=60&sr.dh=320&sr.mat=1,アップル　Apple【SIMフリー】Apple iPhone 11 A13 Bionic 6.1型 ストレージ： 256GB デュアル...,99880,https://www.biccamera.com/bc/item/7434758/
https://image.biccamera.com/img/00000007434747_A01.jpg?sr.dw=320&sr.jqh=60&sr.dh=320&sr.mat=1,アップル　Apple【SIMフリー】Apple iPhone 11 A13 Bionic 6.1型 ストレージ： 64GB デュアルS...,82280,https://www.biccamera.com/bc/item/7434747/
https://image.biccamera.com/img/00000008008033_A01.jpg?sr.dw=320&sr.jqh=60&sr.dh=320&sr.mat=1,アップル　Apple【SIMフリー】iPhone SE A13 Bionic 4.7型 ストレージ：256GB デュアルSIM（na...,66880,https://www.biccamera.com/bc/item/8008033/
https://image.biccamera.com/img/00000008008034_A01.jpg?sr.dw=320&sr.jqh=60&sr.dh=320&sr.mat=1,アップル　Apple【SIMフリー】iPhone SE A13 Bionic 4.7型 ストレージ：256GB デュアルSIM（na...,66880,https://www.biccamera.com/bc/item/8008034/
https://image.biccamera.com/img/00000007434759_A01.jpg?sr.dw=320&sr.jqh=60&sr.dh=320&sr.mat=1,アップル　Apple【SIMフリー】Apple iPhone 11 A13 Bionic 6.1型 ストレージ： 256GB デュアル...,99880,https://www.biccamera.com/bc/item/7434759/
https://image.biccamera.com/img/00000008008032_A01.jpg?sr.dw=320&sr.jqh=60&sr.dh=320&sr.mat=1,アップル　Apple【SIMフリー】iPhone SE A13 Bionic 4.7型 ストレージ：256GB デュアルSIM（na...,66880,https://www.biccamera.com/bc/item/8008032/
https://image.biccamera.com/img/00000007434783_A01.jpg?sr.dw=320&sr.jqh=60&sr.dh=320&sr.mat=1,アップル　Apple【SIMフリー】Apple iPhone 11 Pro Max A13 Bionic 6.5型 ストレージ： 256GB ...,149380,https://www.biccamera.com/bc/item/7434783/
https://image.biccamera.com/img/00000007871178_A01.jpg?sr.dw=320&sr.jqh=60&sr.dh=320&sr.mat=1,アップル　Apple【SIMフリー】Apple iPhone XS Max A12 Bionic 6.5型 ストレージ： 64GB nanoS...,83800,https://www.biccamera.com/bc/item/7871178/
https://image.biccamera.com/img/00000007434762_A01.jpg?sr.dw=320&sr.jqh=60&sr.dh=320&sr.mat=1,アップル　Apple【SIMフリー】Apple iPhone 11 A13 Bionic 6.1型 ストレージ： 256GB デュアル...,99880,https://www.biccamera.com/bc/item/7434762/
https://image.biccamera.com/img/00000007434746_A01.jpg?sr.dw=320&sr.jqh=60&sr.dh=320&sr.mat=1,アップル　Apple【SIMフリー】Apple iPhone 11 A13 Bionic 6.1型 ストレージ： 64GB デュアルS...,82280,https://www.biccamera.com/bc/item/7434746/
https://image.biccamera.com/img/00000007434754_A01.jpg?sr.dw=320&sr.jqh=60&sr.dh=320&sr.mat=1,アップル　Apple【SIMフリー】Apple iPhone 11 A13 Bionic 6.1型 ストレージ： 128GB デュアル...,87780,https://www.biccamera.com/bc/item/7434754/
https://image.biccamera.com/img/00000007434767_A01.jpg?sr.dw=320&sr.jqh=60&sr.dh=320&sr.mat=1,アップル　Apple【SIMフリー】Apple iPhone 11 Pro A13 Bionic 5.8型 ストレージ： 64GB デュ...,117480,https://www.biccamera.com/bc/item/7434767/
https://image.biccamera.com/img/00000007434769_A01.jpg?sr.dw=320&sr.jqh=60&sr.dh=320&sr.mat=1,アップル　Apple【SIMフリー】Apple iPhone 11 Pro A13 Bionic 5.8型 ストレージ： 256GB デュ...,135080,https://www.biccamera.com/bc/item/7434769/
https://image.biccamera.com/img/00000007434760_A01.jpg?sr.dw=320&sr.jqh=60&sr.dh=320&sr.mat=1,アップル　Apple【SIMフリー】Apple iPhone 11 A13 Bionic 6.1型 ストレージ： 256GB デュアル...,99880,https://www.biccamera.com/bc/item/7434760/
https://image.biccamera.com/img/00000007434768_A01.jpg?sr.dw=320&sr.jqh=60&sr.dh=320&sr.mat=1,アップル　Apple【SIMフリー】Apple iPhone 11 Pro A13 Bionic 5.8型 ストレージ： 256GB デュ...,135080,https://www.biccamera.com/bc/item/7434768/
https://image.biccamera.com/img/00000007434751_A01.jpg?sr.dw=320&sr.jqh=60&sr.dh=320&sr.mat=1,アップル　Apple【SIMフリー】Apple iPhone 11 A13 Bionic 6.1型 ストレージ： 64GB デュアルS...,82280,https://www.biccamera.com/bc/item/7434751/
https://image.biccamera.com/img/00000007434764_A01.jpg?sr.dw=320&sr.jqh=60&sr.dh=320&sr.mat=1,アップル　Apple【SIMフリー】Apple iPhone 11 Pro A13 Bionic 5.8型 ストレージ： 64GB デュ...,117480,https://www.biccamera.com/bc/item/7434764/
https://image.biccamera.com/img/00000007434749_A01.jpg?sr.dw=320&sr.jqh=60&sr.dh=320&sr.mat=1,アップル　Apple【SIMフリー】Apple iPhone 11 A13 Bionic 6.1型 ストレージ： 64GB デュアルS...,82280,https://www.biccamera.com/bc/item/7434749/
https://image.biccamera.com/img/00000007434761_A01.jpg?sr.dw=320&sr.jqh=60&sr.dh=320&sr.mat=1,アップル　Apple【SIMフリー】Apple iPhone 11 A13 Bionic 6.1型 ストレージ： 256GB デュアル...,99880,https://www.biccamera.com/bc/item/7434761/
https://image.biccamera.com/img/00000007434784_A01.jpg?sr.dw=320&sr.jqh=60&sr.dh=320&sr.mat=1,アップル　Apple【SIMフリー】Apple iPhone 11 Pro Max A13 Bionic 6.5型 ストレージ： 512GB ...,173580,https://www.biccamera.com/bc/item/7434784/
https://image.biccamera.com/img/00000007871179_A01.jpg?sr.dw=320&sr.jqh=60&sr.dh=320&sr.mat=1,アップル　Apple【SIMフリー】Apple iPhone XS Max A12 Bionic 6.5型 ストレージ： 256GB nano...,99800,https://www.biccamera.com/bc/item/7871179/
https://image.biccamera.com/img/00000007871176_A01.jpg?sr.dw=320&sr.jqh=60&sr.dh=320&sr.mat=1,アップル　Apple【SIMフリー】Apple iPhone XS Max A12 Bionic 6.5型 ストレージ： 64GB nanoS...,83800,https://www.biccamera.com/bc/item/7871176/
https://image.biccamera.com/img/00000007434757_A01.jpg?sr.dw=320&sr.jqh=60&sr.dh=320&sr.mat=1,アップル　Apple【SIMフリー】Apple iPhone 11 A13 Bionic 6.1型 ストレージ： 128GB デュアル...,87780,https://www.biccamera.com/bc/item/7434757/
https://image.biccamera.com/img/00000007871180_A01.jpg?sr.dw=320&sr.jqh=60&sr.dh=320&sr.mat=1,アップル　Apple【SIMフリー】Apple iPhone XS Max A12 Bionic 6.5型 ストレージ： 256GB nano...,99800,https://www.biccamera.com/bc/item/7871180/
https://image.biccamera.com/img/00000007871181_A01.jpg?sr.dw=320&sr.jqh=60&sr.dh=320&sr.mat=1,アップル　Apple【SIMフリー】Apple iPhone XS Max A12 Bionic 6.5型 ストレージ： 256GB nano...,99800,https://www.biccamera.com/bc/item/7871181/
https://image.biccamera.com/img/00000007434750_A01.jpg?sr.dw=320&sr.jqh=60&sr.dh=320&sr.mat=1,アップル　Apple【SIMフリー】Apple iPhone 11 A13 Bionic 6.1型 ストレージ： 64GB デュアルS...,82280,https://www.biccamera.com/bc/item/7434750/
https://image.biccamera.com/img/00000007434770_A01.jpg?sr.dw=320&sr.jqh=60&sr.dh=320&sr.mat=1,アップル　Apple【SIMフリー】Apple iPhone 11 Pro A13 Bionic 5.8型 ストレージ： 256GB デュ...,135080,https://www.biccamera.com/bc/item/7434770/
https://image.biccamera.com/img/00000007434755_A01.jpg?sr.dw=320&sr.jqh=60&sr.dh=320&sr.mat=1,アップル　Apple【SIMフリー】Apple iPhone 11 A13 Bionic 6.1型 ストレージ： 128GB デュアル...,87780,https://www.biccamera.com/bc/item/7434755/
https://image.biccamera.com/img/00000007434781_A01.jpg?sr.dw=320&sr.jqh=60&sr.dh=320&sr.mat=1,アップル　Apple【SIMフリー】Apple iPhone 11 Pro Max A13 Bionic 6.5型 ストレージ： 256GB ...,149380,https://www.biccamera.com/bc/item/7434781/
https://image.biccamera.com/img/00000007434765_A01.jpg?sr.dw=320&sr.jqh=60&sr.dh=320&sr.mat=1,アップル　Apple【SIMフリー】Apple iPhone 11 Pro A13 Bionic 5.8型 ストレージ： 64GB デュ...,117480,https://www.biccamera.com/bc/item/7434765/
https://image.biccamera.com/img/00000007434780_A01.jpg?sr.dw=320&sr.jqh=60&sr.dh=320&sr.mat=1,アップル　Apple【SIMフリー】Apple iPhone 11 Pro Max A13 Bionic 6.5型 ストレージ： 256GB ...,149380,https://www.biccamera.com/bc/item/7434780/
https://image.biccamera.com/img/00000007434763_A01.jpg?sr.dw=320&sr.jqh=60&sr.dh=320&sr.mat=1,アップル　Apple【SIMフリー】Apple iPhone 11 A13 Bionic 6.1型 ストレージ： 256GB デュアル...,99880,https://www.biccamera.com/bc/item/7434763/
https://image.biccamera.com/img/00000007871177_A01.jpg?sr.dw=320&sr.jqh=60&sr.dh=320&sr.mat=1,アップル　Apple【SIMフリー】Apple iPhone XS Max A12 Bionic 6.5型 ストレージ： 64GB nanoS...,83800,https://www.biccamera.com/bc/item/7871177/
https://image.biccamera.com/img/00000007434748_A01.jpg?sr.dw=320&sr.jqh=60&sr.dh=320&sr.mat=1,アップル　Apple【SIMフリー】Apple iPhone 11 A13 Bionic 6.1型 ストレージ： 64GB デュアルS...,82280,https://www.biccamera.com/bc/item/7434748/
https://image.biccamera.com/img/00000007434766_A01.jpg?sr.dw=320&sr.jqh=60&sr.dh=320&sr.mat=1,アップル　Apple【SIMフリー】Apple iPhone 11 Pro A13 Bionic 5.8型 ストレージ： 64GB デュ...,117480,https://www.biccamera.com/bc/item/7434766/
https://image.biccamera.com/img/00000007434782_A01.jpg?sr.dw=320&sr.jqh=60&sr.dh=320&sr.mat=1,アップル　Apple【SIMフリー】Apple iPhone 11 Pro Max A13 Bionic 6.5型 ストレージ： 256GB ...,149380,https://www.biccamera.com/bc/item/7434782/
https://image.biccamera.com/img/00000007434777_A01.jpg?sr.dw=320&sr.jqh=60&sr.dh=320&sr.mat=1,アップル　Apple【SIMフリー】Apple iPhone 11 Pro Max A13 Bionic 6.5型 ストレージ： 64GB ...,131780,https://www.biccamera.com/bc/item/7434777/
https://image.biccamera.com/img/00000007434775_A01.jpg?sr.dw=320&sr.jqh=60&sr.dh=320&sr.mat=1,アップル　Apple【SIMフリー】Apple iPhone 11 Pro A13 Bionic 5.8型 ストレージ： 512GB デュ...,159280,https://www.biccamera.com/bc/item/7434775/
https://image.biccamera.com/img/00000007434776_A01.jpg?sr.dw=320&sr.jqh=60&sr.dh=320&sr.mat=1,アップル　Apple【SIMフリー】Apple iPhone 11 Pro Max A13 Bionic 6.5型 ストレージ： 64GB ...,131780,https://www.biccamera.com/bc/item/7434776/
https://image.biccamera.com/img/00000007434779_A01.jpg?sr.dw=320&sr.jqh=60&sr.dh=320&sr.mat=1,アップル　Apple【SIMフリー】Apple iPhone 11 Pro Max A13 Bionic 6.5型 ストレージ： 64GB ...,131780,https://www.biccamera.com/bc/item/7434779/
https://image.biccamera.com/img/00000007434772_A01.jpg?sr.dw=320&sr.jqh=60&sr.dh=320&sr.mat=1,アップル　Apple【SIMフリー】Apple iPhone 11 Pro A13 Bionic 5.8型 ストレージ： 512GB デュ...,159280,https://www.biccamera.com/bc/item/7434772/
https://image.biccamera.com/img/00000007434774_A01.jpg?sr.dw=320&sr.jqh=60&sr.dh=320&sr.mat=1,アップル　Apple【SIMフリー】Apple iPhone 11 Pro A13 Bionic 5.8型 ストレージ： 512GB デュ...,159280,https://www.biccamera.com/bc/item/7434774/
https://image.biccamera.com/img/00000007434773_A01.jpg?sr.dw=320&sr.jqh=60&sr.dh=320&sr.mat=1,アップル　Apple【SIMフリー】Apple iPhone 11 Pro A13 Bionic 5.8型 ストレージ： 512GB デュ...,159280,https://www.biccamera.com/bc/item/7434773/
https://image.biccamera.com/img/00000007434787_A01.jpg?sr.dw=320&sr.jqh=60&sr.dh=320&sr.mat=1,アップル　Apple【SIMフリー】Apple iPhone 11 Pro Max A13 Bionic 6.5型 ストレージ： 512GB ...,173580,https://www.biccamera.com/bc/item/7434787/
https://image.biccamera.com/img/00000007434778_A01.jpg?sr.dw=320&sr.jqh=60&sr.dh=320&sr.mat=1,アップル　Apple【SIMフリー】Apple iPhone 11 Pro Max A13 Bionic 6.5型 ストレージ： 64GB ...,131780,https://www.biccamera.com/bc/item/7434778/
https://image.biccamera.com/img/00000007434785_A01.jpg?sr.dw=320&sr.jqh=60&sr.dh=320&sr.mat=1,アップル　Apple【SIMフリー】Apple iPhone 11 Pro Max A13 Bionic 6.5型 ストレージ： 512GB ...,173580,https://www.biccamera.com/bc/item/7434785/
https://image.biccamera.com/img/00000007434786_A01.jpg?sr.dw=320&sr.jqh=60&sr.dh=320&sr.mat=1,アップル　Apple【SIMフリー】Apple iPhone 11 Pro Max A13 Bionic 6.5型 ストレージ： 512GB ...,173580,https://www.biccamera.com/bc/item/7434786/
